bin,estimator,n_users,median,trim,mean,lo,hi,p,n_runs
8-15,G_flat,121,-0.23502505659691156,-0.40389146123439496,-0.5376757217374688,-1.0089752054654015,-0.06637623800953613,0.049170292697000156,1072
8-15,G_trail,121,0.008611104024683413,0.024856914209373436,-0.03731115495000154,-0.5233798266512212,0.4487575167512181,0.9597727409941124,1072
8-15,G_trail_nodesc,121,0.3728367163946542,0.4773790003361383,0.44957472719855623,-0.04023707633979562,0.939386530736908,0.03491220285705356,1066
8-15,G_trail_hrgap,121,0.4310310099832506,0.4461996353873424,0.4156515401401705,-0.0737099037373688,0.9050129840177097,0.03888488472095934,1072
8-15,ASCENT,123,0.40357142857142847,0.4336608786703748,0.3649475286665645,-0.18605380809679933,0.9159488654299284,0.08938153142453792,1180
8-15,ASCENT_gh,123,0.4067614924757785,0.4248420041279945,0.3555665468481806,-0.19635999716699754,0.9074930908633587,0.10460043044986105,1180
15-25,G_flat,105,-1.8185174886572089,-1.896695023012126,-2.0839330586967755,-2.9704353768649785,-1.1974307405285725,8.730260504414296e-07,505
15-25,G_trail,105,-0.5788448095942632,-0.8905617632809643,-0.8800107458993983,-1.8939779288478675,0.133956437049071,0.03556181689588692,505
15-25,G_trail_nodesc,104,0.8345283876979357,0.8233577166590087,0.7688084425454019,-0.2160460418116844,1.7536629269024884,0.0320733154113732,499
15-25,G_trail_hrgap,105,0.4570215685357706,0.28372416946841866,0.2708148964948302,-0.7265964818452644,1.2682262748349247,0.43443791788280517,505
15-25,ASCENT,113,-0.05000000000003979,-0.43843831374896514,-0.7479435565862321,-1.6755027644432485,0.17961565127078438,0.3510743933974001,560
15-25,ASCENT_gh,113,-0.27999999999997555,-0.6269320905137493,-0.9353240517778931,-1.8725043778292851,0.0018562742734988813,0.17676756803995963,560
25-40,G_flat,117,-4.20755812918078,-4.3012926533688765,-4.65059486244105,-5.781977525474295,-3.5192121994078054,5.872792163475619e-13,666
25-40,G_trail,117,-2.3064767608937147,-3.0103252847139665,-3.2325822792044767,-4.345106777726955,-2.1200577806819982,1.4720388116054715e-07,666
25-40,G_trail_nodesc,115,0.26055515803432083,0.3717213549011053,0.13016972250146433,-0.9490289511413551,1.2093683961442838,0.5920795261333248,645
25-40,G_trail_hrgap,117,-0.5680449304740947,-0.9127848840758315,-1.1785435617075637,-2.2349082906126254,-0.12217883280250175,0.07242597343251739,666
25-40,ASCENT,119,-1.1250000000000036,-1.3775185086633668,-1.4754899950387463,-2.6367353486788154,-0.31424464139867747,0.018532270342757267,741
25-40,ASCENT_gh,119,-2.1802777777777744,-2.002341644665525,-2.1005129661488184,-3.320846333268441,-0.8801795990291961,0.0010566699442574876,741
>40,G_flat,60,-6.432931033310446,-7.433687011897739,-7.848337053915332,-9.373947466103214,-6.322726641727449,4.66436967744965e-11,250
>40,G_trail,60,-7.760437903625883,-6.76943512285682,-6.466909031321611,-8.339850043190228,-4.593968019452995,1.5930986002049958e-07,250
>40,G_trail_nodesc,54,0.04513527066592512,-0.08575229043435417,0.1657061662216099,-1.6954275858894432,2.026839918332663,0.8938308785421593,198
>40,G_trail_hrgap,60,-3.580544165665165,-2.5951359367663294,-2.4151034565293736,-3.8637606118300556,-0.9664463012286917,0.0013986199593512493,250
>40,ASCENT,62,-3.4534821428571423,-3.3188357735235683,-3.24016538476522,-4.8641999559122375,-1.6161308136182027,0.0003179895876952877,331
>40,ASCENT_gh,62,-6.445000000000004,-5.877026929834578,-5.664094742908293,-7.4708623669140035,-3.857327118902582,7.295666856681144e-07,332
